index,pred_score
1670,1.0
13378,0.0
10233,0.0
4719,0.0
7003,0.0
2831,0.0
13013,0.0
11978,0.0
8610,0.01
519,1.0
13667,0.04
7329,0.01
452,1.0
12373,0.99
4067,0.07
10782,0.0
575,1.0
10279,0.03
12985,0.0
6183,0.09
11134,0.11
5890,0.09
5073,0.0
1844,1.0
4019,0.01
154,1.0
11333,0.0
5205,0.01
5900,0.02
8910,0.0
9059,0.07
14290,1.0
5873,0.0
3719,0.0
14061,0.03
6842,0.01
11250,0.0
6201,0.0
11856,0.01
5642,0.0
11577,0.0
5225,0.15
14354,1.0
10003,0.05
1096,1.0
13728,0.0
5206,0.0
14477,1.0
14384,1.0
12389,1.0
13076,0.0
13015,0.0
9163,0.01
9725,0.0
5911,0.0
4919,0.0
3879,0.0
486,1.0
13812,0.0
6879,0.53
13952,0.02
11484,0.0
5590,0.05
8664,0.05
3144,0.14
10625,0.01
9158,0.03
7235,0.0
5036,0.0
4951,0.0
12419,1.0
2060,0.0
7603,0.0
2095,0.6
14257,1.0
12885,0.0
6952,0.0
12643,1.0
8656,0.14
13033,0.0
14826,1.0
521,1.0
4639,0.02
5828,0.0
13611,0.01
14041,0.05
12512,1.0
11499,0.0
6807,0.0
4534,0.11
675,0.99
3146,0.0
397,1.0
7126,0.01
10369,0.0
4392,0.05
11084,0.31
14751,1.0
33,1.0
8645,0.06
9258,0.01
845,1.0
7118,0.02
13886,0.0
13427,0.0
7968,0.01
3771,0.0
11771,0.0
13117,0.0
4672,0.02
5569,0.02
11350,0.0
7419,0.02
9426,0.02
7446,0.07
2984,0.0
11007,0.0
1826,1.0
5745,0.0
7292,0.0
10115,0.0
6701,0.0
3884,0.0
13026,0.0
1180,1.0
4004,0.09
2440,0.01
1495,0.99
11790,0.0
9992,0.03
12128,1.0
8461,0.0
9675,0.08
11121,0.0
13493,0.0
6377,0.02
13445,0.0
1581,0.92
7943,0.02
3538,0.01
7502,0.0
12768,1.0
6928,0.21
5845,0.01
4436,0.0
6161,0.0
643,1.0
6582,0.2
6619,0.0
1087,0.95
3319,0.0
7826,0.01
5979,0.01
11258,0.0
13817,0.0
5664,0.0
13157,0.0
4144,0.0
467,1.0
8740,0.09
489,0.63
7082,0.0
10521,0.0
3023,0.0
1191,1.0
4750,0.12333333333333332
7100,0.0
7453,0.0
11108,0.0
8716,0.02
11656,0.0
12396,1.0
8818,0.01
12761,1.0
9924,0.0
13226,0.04
6465,0.0
6328,0.08766666666666666
13012,0.01
8512,0.0
13990,0.0
5053,0.02
11878,0.0
3256,0.01
3598,0.1
12092,1.0
12297,1.0
9832,0.0
11609,0.0
13326,0.0
3442,0.0
9530,0.0
12939,0.0
10775,0.08
6609,0.0
4957,0.0
4519,0.53
1136,1.0
12853,0.0
8694,0.0
7401,0.0
12863,0.04
9798,0.0
8634,0.0
13046,0.0
1651,1.0
13933,0.04
2595,0.02
14789,1.0
7327,0.01
11523,0.0
10292,0.23
4308,0.0
6710,0.01
2861,0.0
4424,0.0
11278,0.0
4929,0.05
11568,0.02
4447,0.0
9020,0.03
12593,1.0
13715,0.0
2118,0.0
3970,0.01
11478,0.0
10374,0.07
10426,0.0
13449,0.07
13251,0.0
7575,0.07
12421,1.0
6116,0.070625
4911,0.06
13362,0.0
214,1.0
3754,0.2
13572,0.0
6032,0.01
13504,0.01
5168,0.0
10414,0.01
10715,0.0
10663,0.0
13980,0.0
4502,0.0
5975,0.0
4727,0.0
4145,0.0
3485,0.02
5505,0.0
9129,0.02
5407,0.01
12896,0.0
13951,0.0
10814,0.0
9551,0.0
12149,1.0
12370,1.0
13267,0.05
11987,0.0
13705,0.0
3872,0.02
8553,0.01
10171,0.06
8217,0.0
9852,0.01
9705,0.0
4114,0.02
6415,0.01
2813,0.0
4629,0.41
13535,0.0
10927,0.0
11501,0.0
9390,0.0
11107,0.0
3993,0.05
4012,0.0
12399,1.0
14998,1.0
3148,0.0
5921,0.01
5962,0.0
3420,0.01
11361,0.0
431,1.0
14722,0.19
6643,0.0
6673,0.01
3673,0.0
2517,0.02
5782,0.06
11066,0.05
3849,0.0
340,1.0
9575,0.0
8449,0.0
6631,0.01
7258,0.0
220,1.0
1520,1.0
13913,0.0
5849,0.07
5078,0.0
6843,0.0
14202,0.0
5924,0.02
4827,0.0
1035,1.0
4708,0.0
12752,0.97
1982,1.0
11151,0.0
13538,0.0
13020,0.24
2288,0.0
8241,0.01
1595,1.0
712,1.0
6839,0.011000000000000001
9374,0.01
10773,0.0
2528,0.0
12358,0.73
9903,0.0
13281,0.01
6441,0.0
7602,0.0
14109,0.0
7038,0.0
14480,0.58
14272,1.0
3546,0.04
1250,0.99
775,1.0
6861,0.0
10853,0.01
10504,0.0
9975,0.0
10757,0.02
9580,0.02
7402,0.01
14440,1.0
9492,0.11
142,1.0
843,0.39
11362,0.01
7851,0.0
3567,0.03
3861,0.45
5862,0.0
12143,1.0
4091,0.01
10262,0.0
11445,0.01
10027,0.0
10470,0.0
3840,0.0
3998,0.04
4142,0.0
6883,0.04
5753,0.07
4290,0.0
1875,0.98
4934,0.0
11918,0.0
13920,0.0
4138,0.11
7051,0.0
167,0.69
10780,0.0
4688,0.0
3378,0.01
12551,1.0
10533,0.0
5557,0.0
4368,0.0
3569,0.04
9394,0.0
10905,0.0
1817,1.0
14628,1.0
3709,0.01
10493,0.0
1231,1.0
10998,0.0
14494,1.0
11742,0.0
10303,0.0
6685,0.0
654,1.0
4602,0.03
12272,1.0
14342,0.99
920,1.0
9438,0.08
12741,0.04
8022,0.25
8236,0.08
14513,1.0
18,0.99
3923,0.0
950,1.0
4084,0.05
5909,0.0
3991,0.02
9941,0.0
8517,0.04
14605,1.0
1269,1.0
9010,0.0
1379,1.0
3873,0.0
7106,0.0
2267,0.04
14430,1.0
45,0.6857142857142857
14556,1.0
1457,1.0
7157,0.0
2444,0.0
5855,0.0
9991,0.02
5244,0.01
5439,0.0
4063,0.0
8971,0.36
8164,0.0
11203,0.02
9260,0.04
7131,0.0
9340,0.04
9743,0.01
2280,0.01
4236,0.01
10622,0.0
3192,0.02
7080,0.0
9723,0.3
14883,1.0
1460,0.0
8914,0.06
7746,0.14
5822,0.01
13345,0.11
10300,0.0
808,0.67
2162,0.01
8510,0.0
13820,0.0
8265,0.01
13832,0.0
14082,0.0
3025,0.0
10605,0.0
6455,0.13
2272,0.0
10468,0.0
1271,1.0
12433,1.0
10906,0.0
7585,0.1
3930,0.01
325,1.0
5567,0.15
4730,0.0425
278,1.0
3075,0.16
11486,0.0
4554,0.0
272,1.0
13479,0.0
13463,0.0
14263,1.0
13892,0.02
5448,0.0
952,1.0
10376,0.0
399,1.0
9737,0.06
12510,1.0
6553,0.05
6828,0.1
5750,0.0
31,1.0
10968,0.0
5820,0.0
12035,1.0
6727,0.01
11168,0.01
641,1.0
3394,0.07
2908,0.02
9380,0.0
14509,1.0
8457,0.0
10729,0.01
2247,0.0
13885,0.0
10265,0.3
9476,0.0
5386,0.17
6342,0.0
13275,0.0
2627,0.02
9875,0.06
888,1.0
10367,0.0
791,1.0
12250,1.0
12723,1.0
2364,0.0
561,1.0
14731,1.0
13283,0.07
3889,0.0
11554,0.01
5166,0.01
10952,0.0
6368,0.06
14078,0.0
9556,0.06
9512,0.04
7366,0.0
6591,0.01
1399,1.0
9970,0.01
9400,0.0
14296,1.0
7169,0.11
4384,0.04
10892,0.0
11074,0.0
11612,0.17
12674,1.0
8877,0.02
13298,0.0
13766,0.0
11611,0.0
6655,0.0
13440,0.05
6706,0.0
4685,0.18
3147,0.01
1861,1.0
7803,0.03
10397,0.0
1523,1.0
9245,0.01
14453,1.0
13655,0.0
14464,1.0
14968,1.0
4565,0.01
8785,0.0
9825,0.0
5760,0.0
2084,0.0
2122,0.0
9391,0.03
7741,0.01
1741,1.0
8098,0.0
4157,0.0
11872,0.0
121,1.0
9632,0.0
1543,0.49
14814,1.0
2573,0.0
13330,0.01
577,0.76
5193,0.0
2227,0.04
6919,0.0
10852,0.0
4626,0.02
13520,0.0
6853,0.0
13413,0.04
13873,0.01
14723,1.0
3311,0.0
14503,1.0
14560,1.0
6288,0.0
10640,0.01
2619,0.0
13369,0.0
12955,0.01
9109,0.0
787,1.0
9068,0.01
2617,0.0
5500,0.0
8271,0.0
6390,0.0
488,1.0
12599,1.0
2004,0.0
10742,0.0
9718,0.0
9408,0.02
719,1.0
1418,1.0
3291,0.05
9485,0.07
14001,0.0
221,1.0
12965,0.0
1541,0.04
9516,0.01
6925,0.08533333333333333
2007,0.21
2915,0.14
1856,1.0
11818,0.0
1352,1.0
14385,0.74
6876,0.0
94,1.0
13894,0.06
6433,0.0
8024,0.0
4313,0.09
3701,0.0
14868,1.0
9507,0.0
1894,1.0
12382,1.0
1748,0.998
9406,0.0
14780,0.02
8866,0.01
8626,0.0
7333,0.03
3294,0.0
620,0.5710000000000001
1129,1.0
6802,0.0
5875,0.31
578,1.0
12518,0.98
2092,0.0
5603,0.0
9526,0.12
4254,0.0
14130,0.02
8388,0.01
7908,0.01
2193,0.0
12011,1.0
7049,0.0
11098,0.0
9884,0.0
9746,0.09
12026,1.0
9644,0.0
9895,0.08
10232,0.18166666666666664
7633,0.0
2043,0.2016666666666667
8631,0.16
9823,0.0
1113,1.0
12032,1.0
6221,0.0
14844,1.0
8456,0.17
11594,0.01
9346,0.0
10312,0.01
8899,0.0
424,1.0
14194,0.0
9263,0.08
6847,0.02
3253,0.0
14424,1.0
13196,0.006666666666666666
8410,0.0
7976,0.0
2975,0.0
466,1.0
5991,0.0
10550,0.0
8264,0.0
3088,0.01
3730,0.01
14924,1.0
6918,0.0
1274,1.0
13554,0.0
11667,0.0
8692,0.0
1921,1.0
13142,0.0
2192,0.03
6005,0.01
7317,0.0
11125,0.01
2241,0.01
10298,0.0
10580,0.0
8316,0.0
7254,0.0
4022,0.045714285714285714
5362,0.03
7052,0.03
10290,0.0
13868,0.0
9540,0.0
3600,0.02
5271,0.0
3038,0.1
6976,0.0
9597,0.11
3948,0.02
9928,0.01
8753,0.07
6145,0.0
14792,1.0
2509,0.0
1597,0.99
3344,0.0
10431,0.05
5852,0.07
3784,0.0
12555,1.0
3197,0.0
5938,0.0
1217,0.99
10224,0.01
7311,0.0
11785,0.0
2883,0.01
335,1.0
9851,0.0
9808,0.0
2942,0.04
9645,0.06
6518,0.0
663,1.0
4707,0.02
10177,0.0
9902,0.0
11813,0.05
230,1.0
3496,0.0
11243,0.0
6986,0.03
14124,0.0
14020,0.0
2031,0.01
10670,0.0
14378,0.69
6855,0.0
12799,0.0
776,1.0
4135,0.04
8137,0.0
12597,1.0
14380,1.0
6954,0.0
4480,0.02
159,1.0
4258,0.0
9076,0.0
312,1.0
6964,0.02
2397,0.02
9200,0.0
10178,0.0
7310,0.08
2343,0.02
9856,0.03
7135,0.03
14105,0.0
3064,0.02
11795,0.0
1187,1.0
11216,0.0
9352,0.09166666666666667
4734,0.0
9700,0.01
1783,1.0
12048,1.0
12294,1.0
1667,1.0
11401,0.0
1775,1.0
11008,0.02
12944,0.0
7974,0.01
1103,1.0
8052,0.0
14673,0.11
5095,0.0
3749,0.0
8843,0.0
10682,0.14
3657,0.0
4874,0.05
14269,1.0
10023,0.02
1069,1.0
320,1.0
3539,0.02
7642,0.0
605,1.0
3514,0.0
321,1.0
13185,0.180625
1480,1.0
13815,0.0
10386,0.0
12162,1.0
1283,1.0
874,0.72
9532,0.0
4011,0.0
9625,0.01
11282,0.0
2459,0.01
5518,0.0
1785,1.0
12554,1.0
9729,0.0
11967,0.0
11280,0.02
14912,1.0
8572,0.0
174,0.74
2676,0.02
9678,0.0
1358,0.21
7683,0.0
1172,1.0
10752,0.0
11845,0.0
10506,0.0
10399,0.03
2873,0.04
9445,0.0
8771,0.0
9643,0.02
9577,0.0
2817,0.04
13723,0.0
2702,0.0
13405,0.0
1983,0.99
3803,0.0
134,1.0
10831,0.0
11524,0.02
13735,0.02
1377,1.0
14341,1.0
927,0.07
3125,0.0
4448,0.03
9484,0.02
7873,0.03
9777,0.0
393,1.0
9235,0.0
4297,0.0
12101,1.0
13426,0.02
10554,0.0
9092,0.07
13135,0.02
763,1.0
2643,0.02
1586,0.99
3305,0.07533333333333334
8723,0.0
13083,0.01
3176,0.01
11410,0.01
13409,0.003333333333333333
5189,0.0
10542,0.17
6805,0.0
628,0.99
13027,0.0
9699,0.0
7408,0.07
11965,0.0
9309,0.01
12814,0.0
14888,1.0
6698,0.11
201,1.0
7259,0.01
9858,0.0
2445,0.0
10523,0.01
828,0.72
3093,0.0
1818,0.99
13745,0.0
13229,0.04
6260,0.03
1392,1.0
8339,0.0
4706,0.0
1583,0.99
11820,0.0
5508,0.0
1794,1.0
12460,1.0
44,1.0
12,1.0
4742,0.09
8496,0.0
9491,0.03
6184,0.17
5467,0.05
14262,1.0
14243,1.0
13308,0.0
1972,1.0
6162,0.0
14821,1.0
4610,0.0
5847,0.99
10458,0.0
503,1.0
11331,0.0
9964,0.0
499,0.56
6294,0.0
12983,0.0
5319,0.05
13255,0.0
11479,0.04
13900,0.01
2907,0.03166666666666666
11488,0.05
10674,0.0
852,0.7
459,1.0
8382,0.09166666666666667
8693,0.01
14689,0.98
13583,0.0
12779,1.0
9793,0.01
12159,1.0
10113,0.03
13802,0.0
1471,1.0
3159,0.0
196,0.89
11221,0.02
11739,0.0
12644,0.595
7958,0.0
6982,0.04
9626,0.01
12952,0.0
406,0.99
13001,0.15
7344,0.03
5061,0.0
4749,0.0
4795,0.0
6411,0.02
4589,0.0
308,1.0
5608,0.0
4240,0.0
2252,0.0
14852,1.0
2214,0.0
4818,0.0
7430,0.03
14493,1.0
9669,0.0
12484,1.0
1669,0.05
7624,0.0
1124,1.0
6536,0.0
6713,0.0
9544,0.05
11616,0.0
12751,1.0
4769,0.46
12440,1.0
3959,0.0
8593,0.0
14700,0.63
10424,0.0
2411,0.0
974,1.0
4097,0.01
2395,0.0
7095,0.06
280,1.0
10145,0.03
6487,0.0
11027,0.0
2994,0.05
4624,0.24
12869,0.01
1018,1.0
4840,0.0
1001,1.0
9228,0.0
13313,0.0
2089,0.01
4800,0.06
11914,0.0
14302,1.0
12800,0.0
10045,0.0
1078,1.0
4255,0.06
8089,0.0
1933,1.0
1334,1.0
48,1.0
6894,0.02
3076,0.04
9498,0.06
1751,1.0
313,1.0
8139,0.0
6249,0.03
13322,0.0
11904,0.01
88,0.99
13574,0.01
7046,0.08
2400,0.0
2795,0.01
12191,0.83
1948,1.0
5105,0.0
11093,0.0
14746,1.0
4890,0.02
2143,0.05
13419,0.08
8790,0.0
5101,0.0
8065,0.05
7715,0.04
7199,0.06
4194,0.0
5636,0.0
5124,0.01
6984,0.0
7141,0.01
8667,0.0
1978,1.0
3833,0.0
14526,0.97
1553,0.91
4399,0.23
2076,0.0
9955,0.01
9706,0.0
2999,0.0
10544,0.0
11544,0.0
11642,0.0
9320,0.0
1640,0.89
3689,0.0
9657,0.0
6209,0.01
5897,0.0
13457,0.0
14191,1.0
7969,0.0
12905,0.0
3860,0.04
206,1.0
12923,0.0
1021,0.19
5179,0.02
1845,1.0
7750,0.0
11245,0.0
3990,0.0
5879,0.03
8638,0.04
12439,1.0
9161,0.12
14017,0.0
2572,0.0
12824,0.0
3662,0.03
10182,0.01
9085,0.01
11707,0.01
12125,1.0
12446,0.98
10482,0.03
6849,0.0
9412,0.0
6577,0.07
6632,0.0
12142,1.0
7668,0.1
10518,0.06
14591,1.0
4386,0.01
1746,1.0
11448,0.0
3520,0.0
7356,0.0
6434,0.0
11652,0.13
8051,0.0
1462,1.0
11332,0.0
7092,0.03
9334,0.04
9233,0.0
11682,0.0
5472,0.02
6275,0.02
13484,0.0
13044,0.0
1373,0.97
5687,0.01
449,1.0
2875,0.0
13919,0.02
12941,0.0
6256,0.0
6031,0.06
11086,0.0
2002,0.100625
8960,0.01
8242,0.02
14152,0.02
3759,0.0
7017,0.0
10166,0.02
8224,0.12
7763,0.0
3161,0.0
1985,1.0
3267,0.01
5303,0.0
11760,0.0
5953,0.02
2261,0.05
12273,1.0
8223,0.0
5352,0.0
7336,0.0
7855,0.0
1094,1.0
10415,0.0
4172,0.0
9771,0.03
1091,1.0
10272,0.05
12606,1.0
2473,0.02
2946,0.06
3814,0.0
3675,0.0
12067,0.98
9467,0.0
7129,0.0
8273,0.05
11192,0.0
10974,0.180625
14893,1.0
7956,0.0
5891,0.0
10296,0.28
11846,0.0
6268,0.0
6189,0.14
6511,0.01
2200,0.0
9764,0.0
12816,0.0
13810,0.01
4612,0.01
7767,0.0
6888,0.02
4411,0.01
8000,0.0
12893,0.14
2105,0.0
146,1.0
13213,0.28
9679,0.0
11040,0.0
13665,0.04
664,1.0
13571,0.03
7881,0.0
11330,0.0
10829,0.0
11624,0.0
4773,0.0
10331,0.02
12672,0.99
7435,0.02
14401,1.0
10021,0.07
7105,0.0
4630,0.01
11435,0.02
13019,0.0
13237,0.0
8102,0.04
9480,0.0
12245,0.99
10085,0.0
13243,0.0
11318,0.21
14329,0.92
6323,0.0
1927,1.0
14349,0.99
639,1.0
10238,0.0
1524,0.98
949,1.0
4002,0.01
14079,0.02
6733,0.0
10138,0.06
9569,0.0
4752,0.05
11269,0.0
7305,0.02
4430,0.0
13284,0.0
1145,1.0
6983,0.0
5172,0.0
1764,1.0
7864,0.03
9054,0.02
10607,0.0
7635,0.0
11542,0.0
5141,0.0
12499,0.56
1150,1.0
8465,0.0
9418,0.02
11104,0.11
14164,0.02
12610,1.0
4567,0.02
12302,1.0
1952,1.0
3008,0.0
14529,1.0
1391,0.01
1687,1.0
8046,0.0
169,1.0
10999,0.0
725,1.0
14504,1.0
8038,0.0
3373,0.0
3795,0.06
14393,1.0
10802,0.0
2696,0.0
14081,0.01
11999,0.0
556,0.99
371,1.0
4136,0.0
10176,0.0
11150,0.01
8940,0.0
11740,0.0
13876,0.0
9563,0.07
13055,0.0
13985,0.0
2284,0.01
10450,0.0
12665,0.98
9462,0.0
14395,1.0
3382,0.0
8451,0.12
4823,0.09
8439,0.0
9250,0.0
768,1.0
11808,0.05
5260,0.01
2578,0.0
13127,0.0
7822,0.0
14157,0.0
10756,0.09
4027,0.0
13774,0.0
10573,0.01
9904,0.0
11493,0.0
11744,0.0
6220,0.0
5833,0.02
11370,0.01
11018,0.04
3002,0.030625
2260,0.03
12430,0.66
14581,1.0
12188,1.0
6422,0.0
4855,0.0
2030,0.1
14034,0.0
11363,0.01
5428,0.0
7150,0.0
1569,1.0
8247,0.0
1468,1.0
11184,0.0
11412,0.02
4944,0.12
12165,1.0
8336,0.03
5068,0.0
2385,0.0
3831,0.0
8434,0.01
13360,0.0
8234,0.0
7967,0.0
3099,0.06
9849,0.0
5589,0.1
541,1.0
1425,1.0
6367,0.0
992,0.99
7682,0.07
13410,0.0
598,1.0
2351,0.01
8921,0.03
8300,0.01
665,0.98
379,1.0
5577,0.0
9762,0.07
1261,1.0
11881,0.0
5385,0.0
14548,1.0
2417,0.0
11767,0.0
13110,0.0
9499,0.04
1789,1.0
5895,0.02
6967,0.0
187,1.0
651,1.0
13454,0.0
14549,1.0
14595,0.95
7518,0.01
14695,1.0
8613,0.1
7527,0.0
2436,0.0
7611,0.04
9219,0.03
5654,0.05
14284,1.0
181,1.0
9582,0.3
10576,0.0
7899,0.01
3992,0.02
14220,1.0
4115,0.0
10956,0.0
8685,0.0
12367,1.0
12368,1.0
8412,0.0
1267,0.99
14524,1.0
3459,0.0
1233,1.0
1727,1.0
4657,0.02
12808,0.0
8534,0.0
2466,0.0
3269,0.03
11627,0.0
13761,0.0
4499,0.11
12851,0.01
3048,0.08
6721,0.0
1870,1.0
6832,0.0
5485,0.07395833333333333
2141,0.02
8937,0.0
5805,0.010625
14684,1.0
8706,0.0
8878,0.05
14862,1.0
2119,0.0
4523,0.01
11830,0.05
13599,0.0
10604,0.0
5481,0.0
9137,0.02
8418,0.09
7667,0.03
11653,0.0
2465,0.01
8293,0.01
6795,0.0
509,0.99
7796,0.0
9067,0.01
1476,0.87
5126,0.01
476,1.0
4003,0.0
5398,0.0
4391,0.0
1002,0.98
14490,0.0
3318,0.04
8821,0.0
5165,0.0
2799,0.29
6585,0.0
6493,0.0
13231,0.0
9283,0.0
10416,0.06
122,0.8
8576,0.01
9226,0.03
457,1.0
6291,0.0
304,1.0
11473,0.13
10464,0.08
3572,0.01
10141,0.0
8847,0.0
14372,1.0
13338,0.0
4974,0.19
5804,0.01
823,1.0
7637,0.0
6503,0.0
3585,0.13
9366,0.0
634,1.0
9023,0.04
7180,0.01
733,1.0
265,1.0
12392,1.0
3126,0.0
6082,0.02
491,0.99
7700,0.0
1363,1.0
12008,1.0
10436,0.01
13397,0.01
4301,0.04
3824,0.0
7986,0.011000000000000001
133,1.0
1427,0.04
8225,0.05
13287,0.0
3636,0.0
2767,0.0
14574,1.0
11685,0.0
12890,0.0
12742,1.0
13293,0.0
10771,0.0
1082,0.958
8763,0.0
6999,0.0
4284,0.0
8929,0.0
2500,0.03
4235,0.05
454,1.0
8963,0.0
157,1.0
1304,1.0
8377,0.11
1281,0.88
10355,0.26
6315,0.0
8066,0.04
9078,0.05
16,0.99
3157,0.0
2128,0.0
3807,0.0
6690,0.02
608,1.0
1554,0.76
5629,0.01
12411,0.99
5797,0.22
1761,1.0
7085,0.01
9145,0.0
9319,0.03
7857,0.28
5528,0.0
7476,0.0
9721,0.0
5381,0.0
10651,0.08
380,1.0
6693,0.01
1060,1.0
6633,0.0
4106,0.0
9381,0.0
2553,0.0
8269,0.0
2085,0.0
1992,0.79
9131,0.03
1645,1.0
1357,1.0
366,1.0
7735,0.0
14783,0.94
4269,0.0
14421,1.0
9416,0.06
37,0.82
6138,0.0
5530,0.0
4631,0.0
930,0.07
1256,0.82
11626,0.0
1603,1.0
1567,1.0
10945,0.02
6292,0.05
2669,0.03
9862,0.0
9,1.0
7574,0.0
245,0.99
526,1.0
11019,0.07
9423,0.0
5939,0.01
7996,0.0
7582,0.07
13739,0.01
5018,0.01
4597,0.0
4288,0.0
5793,0.031
3645,0.0
10708,0.0
7818,0.07
3763,0.02
13089,0.02
12511,0.19
4525,0.02
1235,1.0
13257,0.0
1204,1.0
10655,0.0
7159,0.0
8307,0.14
4111,0.27
5998,0.03
4747,0.02
1919,0.99
3941,0.01
12782,1.0
4866,0.0
11188,0.0
12449,1.0
14273,1.0
12290,1.0
223,1.0
12083,1.0
9477,0.01
7016,0.0
7990,0.0
9315,0.0
10083,0.02
10823,0.0
4777,0.0
6016,0.0
1638,1.0
5183,0.0
13344,0.01
4304,0.02
8166,0.11
8494,0.0
2760,0.01
3019,0.0
7901,0.0
6335,0.01
13613,0.0
7115,0.0
7043,0.0
8946,0.0
760,1.0
2536,0.0
10566,0.0
8580,0.0
6988,0.01
5297,0.06
9376,0.0
2778,0.0
7055,0.02
3494,0.0
3522,0.0
2384,0.0
8585,0.11
11307,0.0
8561,0.0
7182,0.02
1308,1.0
10363,0.0
2841,0.1
10196,0.0
9976,0.0
10081,0.0
5285,0.0
11373,0.14
12305,1.0
5333,0.01
11375,0.01
4103,0.07
5697,0.36
12730,1.0
1743,0.99
10851,0.0
11526,0.02
3865,0.05
13678,0.0
716,1.0
2049,0.0
8210,0.0
11839,0.0
7564,0.14
13109,0.0
9429,0.0
7985,0.0
7551,0.0
9631,0.02
7576,0.01
1292,1.0
10476,0.0
12145,1.0
12943,0.02
2730,0.02
6244,0.06
4030,0.0
7136,0.09
6502,0.06
1846,0.98
2006,0.0
12328,1.0
10478,0.05
640,1.0
4209,0.0
10201,0.01
14952,1.0
5655,0.04
7260,0.0
6674,0.0
1499,1.0
1984,1.0
6875,0.02
4647,0.01
3367,0.0
11848,0.0
5357,0.0
8196,0.0
176,1.0
1437,0.69
7890,0.06
2087,0.0
8484,0.0
14561,1.0
4191,0.0
11942,0.1
14552,1.0
7449,0.11
8433,0.01
2291,0.04
8064,0.0
12223,1.0
14745,0.98
11033,0.01
4024,0.0
6759,0.05
9135,0.01
3894,0.02
4837,0.14
10928,0.0
772,0.6416666666666666
4701,0.03
11722,0.04
5235,0.04
9672,0.03
3535,0.0
10881,0.0
258,1.0
3245,0.1
10528,0.0
11670,0.0
9589,0.01
6224,0.0
2365,0.02
13965,0.01
14763,1.0
6477,0.2
8018,0.0
3586,0.0
1563,1.0
4595,0.0
2402,0.01
3851,0.0
11572,0.0
9909,0.0
1201,1.0
2712,0.03
9130,0.1
3353,0.0
10325,0.0
11257,0.0
5461,0.0
7041,0.01
12135,0.94
7800,0.0
12381,1.0
13991,0.0
1969,1.0
2228,0.0
8074,0.02
8713,0.0
8750,0.1
10549,0.0
2687,0.0
3635,0.01
9925,0.0
14422,0.91
2090,0.0
9754,0.0
9101,0.0
12713,0.99
13296,0.0
14398,1.0
4220,0.0
554,1.0
12086,0.88
14960,1.0
2337,0.01
12332,1.0
8227,0.0
5901,0.02
6248,0.02
11087,0.0
10592,0.0
7541,0.14
10635,0.02
2625,0.04
6737,0.0
8062,0.09
5228,0.03
7330,0.02
11131,0.03
8648,0.0
1658,1.0
3439,0.0
976,0.9
3035,0.07
1943,1.0
5625,0.0
9610,0.0
8189,0.0
13211,0.01
14507,1.0
4507,0.0
12425,1.0
3975,0.05
6217,0.0
6760,0.08
12210,1.0
5147,0.0
5350,0.040625
13587,0.0
13098,0.01
14104,0.06
4804,0.0
8688,0.0
6297,0.01
3017,0.0
2560,0.02
6756,0.01
13245,0.0
5023,0.14
7960,0.0
610,1.0
6881,0.0
12436,1.0
6823,0.0
14138,0.0
10923,0.0
14205,0.0
12304,1.0
9623,0.0
9479,0.0
10207,0.03
12417,1.0
6271,0.11
3018,0.01
13855,0.01
3369,0.0
14957,1.0
12006,1.0
14971,1.0
8646,0.0
13073,0.0
8718,0.0
4439,0.0
11825,0.03
2791,0.03
8474,0.03
13553,0.0
5843,0.03
8588,0.0
495,0.98
2606,0.01
8304,0.0
3488,0.0
13366,0.0
11945,0.03
11217,0.01
13566,0.0
14007,0.0
10950,0.0
14619,1.0
11776,0.0
3523,0.0
1453,0.14
7699,0.01
7807,0.040999999999999995
14448,1.0
6258,0.0
9821,0.03
14672,1.0
12432,1.0
13598,0.23
3411,0.0
14127,0.010625
11349,0.04
4171,0.0
13972,0.01
8420,0.0
5006,0.1
1070,1.0
12978,0.07
2176,0.01
6476,0.0
13271,0.0
119,1.0
6550,0.0
11154,0.04
9397,0.0
9386,0.02
4221,0.0
1387,1.0
5426,0.0
10192,0.0
4121,0.08
9894,0.0
5777,0.0
14098,0.0
1915,1.0
14755,1.0
12631,0.87
11228,0.0
13905,0.03
343,1.0
7747,0.0
4606,0.0
5946,0.0
4831,0.0
14779,1.0
5107,0.0
13487,0.0
9917,0.0
188,1.0
9713,0.0
2585,0.0
3480,0.01
4604,0.01
6073,0.0
8653,0.0
5602,0.0
9021,0.0
4802,0.0
1494,0.03
12566,1.0
8026,0.0
11935,0.0
1988,0.51
9555,0.0
3755,0.0
7025,0.01
4433,0.01
4041,0.01
11302,0.0
579,1.0
5844,0.01
10022,0.0
4075,0.11
5564,0.0
6079,0.0
10575,0.01
6972,0.01
4445,0.24
10510,0.0
619,1.0
9810,0.0
14166,0.04
12673,1.0
8425,0.0
3505,0.01
3916,0.05
5571,0.0
12620,0.5710000000000001
10407,0.01
5118,0.0
5619,0.0
2515,0.0
13212,0.0
2393,0.12
11595,0.0
5473,0.0
5772,0.17
9003,0.24
10462,0.0
12490,0.89
14559,1.0
14550,1.0
12623,1.0
5973,0.0
12667,1.0
13605,0.05
12964,0.02
4214,0.0
14338,0.67
10816,0.0
9206,0.0
547,1.0
14933,1.0
5816,0.0
10965,0.04
8101,0.0
13756,0.04
9388,0.02
9840,0.23
10063,0.0
12917,0.0
4691,0.0
10393,0.05
1654,1.0
13448,0.08
6600,0.39
8896,0.0
9326,0.11
1347,1.0
3081,0.0
3061,0.01
832,1.0
6085,0.01
13351,0.0
9281,0.04166666666666667
8707,0.0
536,1.0
12224,1.0
126,0.99
3010,0.0
13967,0.24
1238,0.29
10818,0.0
6942,0.0
8391,0.0
12583,1.0
13474,0.01
7792,0.0
8182,0.03
4592,0.0
12336,1.0
6327,0.0
3725,0.0
1270,0.95
7216,0.0
11525,0.0
12524,1.0
11266,0.01
11442,0.0
12564,1.0
3079,0.04
3284,0.0
6052,0.0
2569,0.0
11178,0.0
3768,0.01
9141,0.0
6593,0.0
14688,1.0
13943,0.29
722,1.0
5254,0.04
3368,0.03
11303,0.03
13863,0.13
10675,0.01
7544,0.02571428571428571
5806,0.0
1911,1.0
9405,0.0
5997,0.0
7145,0.2
9613,0.02
14538,1.0
11204,0.0
5882,0.0
13645,0.0
12925,0.16
11715,0.01
5948,0.0
13759,0.0
12862,0.08
1961,1.0
12040,1.0
2980,0.0
13865,0.0
11310,0.0
6263,1.0
6137,0.0
13958,0.01
164,1.0
13618,0.0
8001,0.0
5527,0.0
2330,0.03
14247,1.0
8257,0.0
4774,0.04
5424,0.0
9957,0.01
9817,0.03
7134,0.0
13179,0.0
10209,0.02
296,1.0
5704,0.01
12066,1.0
4070,0.02
10267,0.0
8160,0.01
4311,0.0
9154,0.0
8949,0.0
925,1.0
1297,1.0
8725,0.01
5689,0.01
6439,0.05
332,1.0
3474,0.06
10759,0.01
2869,0.0
2327,0.03
103,1.0
3055,0.0
14537,1.0
9252,0.05
6025,0.01
4166,0.0
8122,0.0
1796,1.0
11720,0.02
13549,0.0
9184,0.0
5838,0.12
12641,1.0
6381,0.01
3880,0.0
3487,0.15
9879,0.12
14069,0.0
14837,1.0
7948,0.0
12096,1.0
7618,0.0
8400,0.02
11688,0.05
1121,1.0
138,0.99
13332,0.0
253,1.0
1580,0.0
5949,0.01
10183,0.0
13689,0.0
13853,0.0
713,0.99
7733,0.0
2658,0.08
12938,0.0
2551,0.0
1236,1.0
13710,0.0
1424,1.0
7655,0.02
3132,0.0
13346,0.0
2690,0.06
6045,0.04
10214,0.09
8340,0.0
6146,0.280625
1814,1.0
3974,0.0
14483,1.0
1628,1.0
4857,0.01
3223,0.01
2916,0.16
2783,0.04
4617,0.0
6605,0.1
2519,0.0
10457,0.01
2491,0.0
13861,0.0
14664,0.99
4635,0.0
5114,0.0
3681,0.23
1156,1.0
7325,0.17571428571428568
10979,0.0
11867,0.0
4036,0.0
6488,0.0
1872,1.0
9495,0.06
13476,0.07
11035,0.01
9342,0.0
13396,0.0
2819,0.02
2201,0.0
3359,0.0
6403,0.0
3188,0.01
14182,0.0
5651,0.02
2777,0.0
5633,0.01
6196,0.05
14909,1.0
14772,1.0
6204,0.0
1282,0.45
5613,0.0
565,0.99
6491,0.0
1753,0.95
5988,0.0
8305,0.0
14271,1.0
7304,0.0
7301,0.0
7107,0.0
10240,0.0
356,1.0
14693,1.0
14084,0.0
2805,0.01
402,0.99
4197,0.04
10361,0.06
11101,0.07
7247,0.0
10284,0.02
14347,1.0
3618,0.0
12037,0.82
10813,0.05
4273,0.06
5033,0.03
9237,0.04
5210,0.0
13432,0.02
11796,0.0
7591,0.0
11527,0.0
11088,0.0
12076,1.0
9384,0.0
9611,0.0
9969,0.0
13787,0.01
10452,0.0
3943,0.0
3183,0.04
11513,0.03
14231,1.0
530,1.0
13912,0.0
4029,0.04
194,1.0
12254,0.63
8272,0.02
879,1.0
10228,0.06
11329,0.0
1819,1.0
2607,0.0
6549,0.0
9520,0.01
11746,0.0
2134,0.04
7723,0.0
9453,0.0
4965,0.14
9558,0.0
7354,0.0
4841,0.0
6762,0.0
14867,1.0
10667,0.0
12916,0.0
6126,0.09
5112,0.01
8245,0.0
6409,0.04
1726,1.0
2406,0.0
4382,0.0
3471,0.0
5464,0.0
8575,0.0
443,1.0
7568,0.0
3299,0.0
12556,0.99
12833,0.0
10432,0.0
8073,0.0
2091,0.0
12803,0.0
6850,0.0
5799,0.01
13348,0.0
7345,0.0
4293,0.02
6190,0.01
8828,0.0
3158,0.0
6734,0.0
11259,0.01
597,1.0
671,1.0
5499,0.0
9274,0.01
4995,0.0
1312,1.0
4892,0.09
3782,0.02
14143,0.0
10153,0.0
6038,0.0
8654,0.24
14014,0.0
9765,0.02
12330,1.0
2182,0.07
3733,0.0
3882,0.01
10440,0.05
534,0.98
8117,0.0
13830,0.0
10477,0.0
9659,0.0
5082,0.0
5659,0.0
4503,0.0
13932,0.0
4936,0.06
257,1.0
398,0.94
4484,0.12333333333333334
9792,0.0
5632,0.0
5416,0.06
8380,0.01
2359,0.02
3032,0.0
13039,0.0
5926,0.07
4901,0.0
4343,0.0
13502,0.0
2746,0.04
9535,0.0
14858,1.0
1047,0.86
7058,0.0
11635,0.0
2917,0.11
3030,0.0
14275,1.0
10230,0.08
13325,0.0
4250,0.0
14241,1.0
5563,0.01
4861,0.0
8313,0.0
3852,0.12
12064,1.0
12845,0.0
12867,0.01
2729,0.03
13250,0.07
9522,0.0
13270,0.0
12954,0.0
1683,1.0
2630,0.01
7057,0.01
5396,0.0
7535,0.04
14753,1.0
6343,0.0
4615,0.04
14227,0.99
3051,0.0
13570,0.0
2503,0.04
752,0.97
7251,0.13
7516,0.0
1095,1.0
8215,0.0
5623,0.13
3714,0.0
14571,1.0
10392,0.0
13514,0.03
8119,0.05
5069,0.0
9365,0.08
7113,0.0
507,1.0
13400,0.0
10822,0.0
9807,0.09
2476,0.0
692,1.0
8309,0.0
10078,0.0
13916,0.0
14985,1.0
5609,0.0
8911,0.0
2749,0.0
12169,1.0
2454,0.02
2641,0.0
13150,0.0
1514,0.77
3558,0.0
2919,0.0
8308,0.0
4860,0.03
3266,0.0
12514,0.99
5214,0.07
13521,0.0
7089,0.06
14343,1.0
5475,0.0
8927,0.0
4794,0.01
5840,0.01
812,1.0
5034,0.05
2860,0.0
6132,0.01
9642,0.01
8277,0.0
10395,0.01
11075,0.0
12538,0.99
4492,0.0
2670,0.0
334,1.0
13164,0.0
14630,1.0
5976,0.01
12915,0.01
11029,0.0
11313,0.0
7394,0.0
10358,0.0
3641,0.01
6722,0.05
9716,0.04
14451,1.0
2686,0.0
2450,0.0
396,1.0
4188,0.0
8041,0.06
4678,0.2
13481,0.0
5010,0.0
3679,0.0
14323,1.0
11600,0.0
2525,0.0
13718,0.06
13584,0.14
4954,0.0
5566,0.0
7497,0.01
2709,0.0
12993,0.0
1120,1.0
10072,0.03
13877,0.04
6891,0.0
11988,0.0
11402,0.0
11237,0.08
6783,0.02
5389,0.04
2021,0.0
8720,0.0
5055,0.0
1615,1.0
14043,0.0
11433,0.14
12544,1.0
7675,0.0
2898,0.01
3699,0.0
2535,0.0
8426,0.0
4578,0.1
14609,0.94
8568,0.03
5656,0.0
6353,0.0
12626,1.0
9437,0.0
13136,0.0
1540,1.0
12666,0.650625
7381,0.07
5964,0.05
274,1.0
10278,0.01
9953,0.0
9685,0.01
125,1.0
14209,0.01
11983,0.0
2763,0.12
4651,0.0
12377,1.0
12704,0.595
11823,0.0
632,1.0
13844,0.03
8605,0.0
11741,0.02
7223,0.03
6451,0.0
7084,0.05
8478,0.0
14309,1.0
887,1.0
5506,0.0
624,1.0
2839,0.0
5155,0.08
4558,0.01
3341,0.0
4967,0.0
11286,0.0
4563,0.0
12002,1.0
2177,0.03
1346,0.98
2164,0.0
2976,0.02
1509,1.0
6846,0.0
3336,0.01
6884,0.02
6981,0.0
6780,0.0
439,1.0
6935,0.0
12324,1.0
4676,0.01
4927,0.0
2759,0.0
5329,0.0
13763,0.02
6975,0.0
275,1.0
13268,0.0
865,0.93
8943,0.06
9548,0.0
11538,0.03
4006,0.0
9001,0.1
11360,0.03
10719,0.0
8598,0.0
7382,0.0
2064,0.0
7002,0.02
3260,0.0
13642,0.0
837,1.0
2456,0.03
9510,0.0
7328,0.0
14097,0.0
13184,0.0
5770,0.0
10809,0.24
381,1.0
13170,0.02
8027,0.01
8578,0.03
14144,0.04
4249,0.02
4664,0.0
1043,0.97
7598,0.04
13662,0.0
2185,0.07
5766,0.0
3638,0.0
7196,0.0
5501,0.01
10910,0.0
4726,0.0
5470,0.031
3214,0.0
7694,0.02
2455,0.09
6736,0.0
3481,0.05
13870,0.04
8840,0.0
5755,0.18
8668,0.0
955,0.99
14446,1.0
6973,0.0
5175,0.01
1854,1.0
5863,0.0
14055,0.0
2952,0.01
9796,0.02
2153,0.03
7795,0.001
8923,0.0
7660,0.02
6043,0.01
5813,0.0
1829,1.0
5283,0.0
12573,1.0
13525,0.0
11710,0.0
3028,0.011428571428571429
983,1.0
7420,0.03
1868,1.0
13703,0.04
7281,0.0
9963,0.01
14221,1.0
2101,0.11
9848,0.0
14618,1.0
14709,1.0
8107,0.0
12344,1.0
14937,1.0
4055,0.04
11530,0.0
8475,0.0
150,1.0
11458,0.03
14054,0.0
8687,0.0
6456,0.01
6078,0.0
9053,0.03
13057,0.0
8905,0.0
11863,0.0
11171,0.04
6867,0.0
5057,0.01
256,1.0
1760,1.0
13901,0.0
9011,0.0
7474,0.0
8518,0.0
9128,0.0
7090,0.0
14033,0.0
3078,0.0
14,1.0
10364,0.01
8369,0.0
4069,0.0
1772,1.0
5274,0.0
10004,0.02
10859,0.0
4429,0.01
10172,0.1
2232,0.02
12413,1.0
8681,0.03
4659,0.0
14374,1.0
532,1.0
9475,0.0
9596,0.0
10793,0.0
14360,1.0
660,1.0
12265,1.0
13945,0.0
3909,0.0
13166,0.0
7422,0.0
2849,0.0
10598,0.0
834,1.0
7529,0.03
5670,0.0
3978,0.0
11772,0.0
13770,0.0
8939,0.0
11763,0.03
4129,0.07
8643,0.0
12028,1.0
12208,1.0
8503,0.02
5266,0.01
9755,0.0
7753,0.0
378,0.63
7279,0.14
7977,0.07
7368,0.0
13061,0.0
5459,0.0
14008,0.0
7770,0.0
10187,0.0
10779,0.0
5628,0.02
10960,0.0
538,0.99
7838,0.01
4388,0.0
13014,0.0
9153,0.11
14438,1.0
14060,0.01
11614,0.01
7403,0.01
4495,0.0
2082,0.07
10339,0.05
5721,0.0
3388,0.02
14945,0.67
8625,0.0
4425,0.13
10684,0.02
3285,0.03
1756,1.0
5076,0.0
6239,0.1057142857142857
6648,0.0
3277,0.0
8820,0.02
12886,0.01
14321,1.0
11355,0.0
2818,0.11
10895,0.02
13434,0.02
11566,0.0
1008,0.89
11632,0.0
4435,0.0
2483,0.0
14929,1.0
5173,0.0
10247,0.01
7284,0.0
5989,0.03
4309,0.0
13908,0.0
1302,1.0
12060,1.0
9720,0.0
11132,0.0
1652,1.0
6554,0.0
10745,0.0
11231,0.03
6098,0.0
11800,0.01
12654,1.0
12284,1.0
4628,0.0
10330,0.01
13984,0.0
237,1.0
4330,0.0
5013,0.0
5536,0.0
7342,0.0
14129,0.0
13074,0.0
14518,1.0
12712,1.0
11973,0.0
12587,0.78
5925,0.0
12193,1.0
9503,0.0
12376,0.98
14511,1.0
9223,0.13
14516,1.0
12642,1.0
12656,1.0
14528,1.0
477,1.0
7475,0.0
5320,0.001
11620,0.01
12571,1.0
8522,0.3
7609,0.01
14677,1.0
13792,0.09
14685,1.0
10577,0.0
14465,0.63
10626,0.06
11425,0.0
14442,0.99
13561,0.0
11156,0.0
1143,1.0
1889,1.0
1338,0.0
574,1.0
12826,0.01
4482,0.0
5992,0.0
2865,0.03
5963,0.0
5647,0.18
6677,0.0
5463,0.0
83,1.0
6071,0.01
3634,0.0
8009,0.03
11404,0.0
982,1.0
11759,0.0
14456,0.99
5275,0.03
6285,0.0
4500,0.0
6856,0.005714285714285714
1083,1.0
7829,0.0
10701,0.0
2457,0.0
9176,0.02
1559,0.89
6943,0.0
10486,0.0
3965,0.0
9937,0.01
2017,0.03
14919,1.0
10911,0.01
4661,0.01
724,1.0
8770,0.0
5194,0.03
1259,1.0
3827,0.01
5431,0.27
14687,1.0
14966,0.45
4139,0.0
5920,0.03
14584,0.99
12725,1.0
9249,0.0
14373,1.0
14379,0.7
4323,0.16
4089,0.01
1454,0.41
13823,0.17
13765,0.01
2113,0.0
8360,0.02
9298,0.0
5677,0.04
10569,0.0
7827,0.0
12815,0.0
1173,1.0
11811,0.0
9812,0.16
12765,0.8
2213,0.0
14607,1.0
10323,0.0
6944,0.0
5731,0.01
6889,0.16
6595,0.0
14396,1.0
5174,0.01
3380,0.0
1279,0.77
4281,0.0
3839,0.02
12709,1.0
6747,0.0
10871,0.0
10883,0.05
7757,0.12
4066,0.01
1994,1.0
8883,0.0
10444,0.0
10491,0.17
11961,0.42
7237,0.0
2590,0.07
644,0.595
7619,0.0
6152,0.01
600,1.0
12760,1.0
2894,0.0
5831,0.34
13103,0.0
4544,0.0
12786,0.01
5825,0.05
8195,0.0
13113,0.0
3667,0.0
11143,0.08
1869,1.0
5957,0.02
1529,1.0
1240,1.0
1578,1.0
637,1.0
11440,0.0
9608,0.0
3476,0.0
11606,0.0
7229,0.0
3265,0.0
7810,0.01
9741,0.07
13121,0.0
39,1.0
12789,0.0
13430,0.16
14589,0.63
11367,0.0
10511,0.0
9091,0.12
4546,0.0
10170,0.01
7885,0.0
2152,0.0
7897,0.0
13656,0.01
8761,0.09
5634,0.0
8834,0.04
6171,0.01
12156,1.0
2180,0.0
12185,1.0
5278,0.0
10460,0.0
581,1.0
1090,1.0
13403,0.0
1467,1.0
192,1.0
13028,0.0
5412,0.03
12821,0.0
8869,0.0
2377,0.02
5798,0.0
9174,0.02
11510,0.04
2584,0.0
14878,1.0
9701,0.0
345,1.0
11781,0.0
11138,0.0
6893,0.0
7112,0.0
6321,0.0
12904,0.0
1085,1.0
10489,0.02
5699,0.0
14091,0.0
12865,0.0
14035,0.0
8469,0.0
12453,0.99
9431,0.0
4202,0.01
12766,0.71
3536,0.08
10295,0.0
2137,0.01
14774,1.0
10574,0.01
11937,0.0
14983,1.0
7937,0.0
10886,0.0
1624,0.92
294,1.0
3780,1.0
12248,1.0
10926,0.0
10124,0.0
13049,0.01
11928,0.0
7861,0.0
13790,0.14
7554,0.0
11793,0.0
6168,0.0
6199,0.0
12175,0.87
11353,0.06
9301,0.0
4462,0.0
14520,1.0
3213,0.0
12628,0.99
1414,1.0
12319,1.0
3921,0.13
2513,0.0
3358,0.0
8376,0.0
11304,0.0
3595,0.39
1067,1.0
7722,0.0
5433,0.0
9811,0.04
7062,0.0
6111,0.07
5090,0.02
12806,0.05
9620,0.07
1275,1.0
6425,0.03
2249,0.0
13769,0.01
7900,0.0
6639,0.0
13803,0.0
4900,0.0
8951,0.0
4341,0.01
11494,0.0
3710,0.06
11182,0.02
190,1.0
12023,1.0
11753,0.0
4149,0.0
9182,0.03
1402,1.0
6681,0.03
5480,0.0
12479,1.0
8731,0.0
3648,0.0
4608,0.0
42,1.0
13519,0.0
7133,0.01
3639,0.09
14394,1.0
2334,0.0
13556,0.0
487,0.9
3601,0.0
8130,0.01
2600,0.0
11232,0.01
7863,0.01
7256,0.01
7306,0.0
5981,0.0
8500,0.0
9090,0.0
5215,0.01
11213,0.0
5747,0.01
4244,0.0
7178,0.0
13216,0.03
4183,0.0
12882,0.34
4487,0.11
2472,0.0
13711,0.0
7811,0.0
7186,0.0
5044,0.0
10322,0.01
338,1.0
5788,0.03
4159,0.0
3350,0.01
12375,1.0
2786,0.0
9603,0.05333333333333334
10718,0.0
2052,0.0
6848,0.0
6841,0.0
5455,0.0
11219,0.16
2943,0.0
12513,1.0
12057,1.0
7262,0.07
12595,1.0
3283,0.04
13591,0.01
5741,0.0
4832,0.0
13433,0.01
7175,0.0
5164,0.0
8076,0.0
14142,0.0
5710,0.0
12503,1.0
9717,0.01
3020,0.0
2421,0.05
4374,0.03
13000,0.04
7523,0.08
9004,0.0
11208,0.08
2168,0.0
13191,0.0
4350,0.0
10344,0.0
1573,1.0
4894,0.05
1593,1.0
5927,0.05
2379,0.0
3750,0.0
7765,0.1653333333333333
6821,0.0
9031,0.0
10394,0.0
5941,0.01
9367,0.1
4627,0.07
8112,0.04
3515,0.1
5111,0.01
1466,1.0
4637,0.0
12108,0.8257142857142857
7236,0.01
369,1.0
1376,1.0
7745,0.1
6510,0.071
12158,1.0
2270,0.0
6792,0.0
14917,1.0
2070,0.0
3951,0.0
1516,1.0
11279,0.07
4636,0.0
7261,0.02
2828,0.0
10717,0.0
13146,0.01
9083,0.08
11743,0.06
14728,1.0
4520,0.03
12451,0.9966666666666666
1242,1.0
3472,0.0
11267,0.0
8105,0.0
12213,1.0
12663,1.0
7945,0.0
3775,0.0
7622,0.0
2697,0.01
8885,0.0
7443,0.998
5983,0.0
3980,0.0
7298,0.09
14770,1.0
6389,0.0
989,0.99
4711,0.0
2954,0.0
11876,0.0
3914,0.0
4431,0.0
1556,1.0
7079,0.03
1665,0.07
2157,0.02
2464,0.0
14495,1.0
4799,0.0
14328,1.0
5547,0.07
11141,0.0
1811,0.99
7070,0.0
9017,0.0
9108,0.0
10755,0.02
7549,0.01
7975,0.08
14318,1.0
13148,0.02
14669,1.0
6459,0.11
10090,0.0
4808,0.0
10029,0.01
1501,1.0
11339,0.0
2175,0.06
2876,0.0
8230,0.0
13550,0.0
1570,1.0
14185,0.0
14337,0.99
3374,0.0
8485,0.0
8297,0.0
11898,0.0
8984,0.0
5583,0.0
7488,0.04
5712,0.01
7238,0.04
1220,1.0
4123,0.01
7123,0.01
13386,0.0
7923,0.04
6974,0.0
3013,0.0
124,1.0
1417,1.0
723,1.0
9950,0.04
5923,0.09
11769,0.0
1194,0.77
5968,0.01
13536,0.0
10758,0.04
572,0.94
8103,0.0
10855,0.0
225,1.0
14719,1.0
7457,0.0
7309,0.0
8996,0.0
10840,0.0
11454,0.04
10800,0.19
4026,0.0
2369,0.0
14498,1.0
1662,0.88
11597,0.0
6095,0.01
12365,1.0
1656,1.0
11011,0.01
2308,0.0
613,1.0
8682,0.05
8521,0.02
7439,0.04
11337,0.0
1167,0.99
14922,1.0
8570,0.0
10898,0.0
7952,0.18
5356,0.21
4842,0.04
788,0.0
14432,1.0
6887,0.01
10125,0.0
6284,0.0
14994,0.99
10744,0.01
7545,0.0
5552,0.01
11394,0.05
9331,0.0
6597,0.02
3345,0.08
8727,0.01
11224,0.07
7117,0.0
7477,0.0
14092,0.0
7005,0.01
9586,0.0
4247,0.03
10964,0.0
10746,0.0
11091,0.0
12942,0.01
7149,0.01
528,1.0
11617,0.0
14988,1.0
2244,0.0
2862,0.04
10313,0.03
4296,0.03
13603,0.0
8515,0.03
11174,0.05
958,1.0
4501,0.1
12257,1.0
7693,0.09
8624,0.0
4168,0.03
11730,0.0
2531,0.000625
11676,0.0
3460,0.0
1585,1.0
898,1.0
11227,0.08
9254,0.01
11105,0.0
8302,0.02
5065,0.06
7613,0.0
12031,1.0
5306,0.01
90,1.0
11855,0.01
11716,0.0
13998,0.0
4013,0.0
552,1.0
6018,0.000625
14629,0.85
12854,0.0
12986,0.08
238,1.0
10186,0.31
4721,0.000625
3619,0.0
322,0.855
1478,1.0
9553,0.06
352,1.0
2604,0.0
12888,0.0
12580,1.0
522,1.0
1106,1.0
14270,0.99
3239,0.0
3671,0.0
11893,0.06
14944,1.0
2930,0.0
5502,0.0
1881,1.0
1351,1.0
11136,0.01
11807,0.1
11366,0.01
2529,0.0
4230,0.01
12010,1.0
14410,1.0
13567,0.0
4035,0.0
10792,0.0
1530,1.0
1941,0.95
13964,0.0
8586,0.0
14239,1.0
3151,0.0
11158,0.0
7347,0.12
9782,0.0
8044,0.0
5702,0.0
14636,1.0
7587,0.11571428571428571
9086,0.0
9211,0.02
5706,0.0
11432,0.0
10418,0.0
11649,0.01
2940,0.0
5466,0.0
7121,0.02
7787,0.0
3683,0.0
7027,0.0
10074,0.06
144,1.0
2663,0.0
6528,0.0
6418,0.0
10791,0.0
10310,0.02
1842,1.0
1678,0.97
6474,0.0
13531,0.001
9201,0.0
13707,0.02
14240,1.0
2815,0.0
7225,0.0
8346,0.04
11159,0.0
1098,1.0
5232,0.1
9058,0.0
12720,1.0
6541,0.0
2470,0.0
10203,0.01
3234,0.03
5934,0.0
13066,0.0
12693,1.0
1237,1.0
5122,0.011000000000000001
4942,0.0
3660,0.0
6589,0.0
12898,0.0
1892,1.0
5307,0.0
14599,1.0
1328,1.0
8936,0.0
11729,0.01
12775,1.0
9747,0.0
10861,0.09
1245,1.0
14264,0.99
4872,0.0
3747,0.01
12420,1.0
8003,0.0
9044,0.0
978,1.0
2646,0.0
1252,0.94
7804,0.0
5668,0.01
5584,0.02
10951,0.0
1017,0.98
3043,0.0
10714,0.16
1568,1.0
2587,0.0
14259,1.0
12880,0.0
13709,0.02
3120,0.02
4981,0.02
11017,0.11
12243,1.0
13253,0.0
5120,0.0
11083,0.0
2948,0.0
3629,0.01
4583,0.0
9074,0.01
57,1.0
1088,1.0
7536,0.01
7550,0.13
7417,0.03
12764,0.99
11996,0.04
5858,0.0
13772,0.0
8490,0.05
7280,0.0
13425,0.05
13767,0.04
6301,0.01
2335,0.0
4346,0.0
10913,0.0
4643,0.0
7542,0.0
6901,0.0
12343,1.0
11666,0.04
3355,0.0
6443,0.07
10408,0.03
5071,0.0
4576,0.0
4683,0.19
11112,0.0
11899,0.0
1298,1.0
2238,0.03
6290,0.12
2305,0.06
4915,0.04
9865,0.0
14979,1.0
413,1.0
8016,0.0
4211,0.01
10807,0.0
3932,0.19
14639,0.8
9996,0.0
11015,0.04
13050,0.0
7842,0.0
8256,0.0
1989,0.0225
2263,0.0
13808,0.0
6472,0.15
11532,0.01
382,1.0
12832,0.025333333333333333
12466,1.0
247,1.0
7357,0.0
6526,0.011428571428571429
4755,0.03
11443,0.01
4596,0.0
2054,0.01
13105,0.04
6378,0.0
7487,0.0
14706,0.98
8115,0.02
10283,0.03
7314,0.0
3071,0.0
799,0.99
7031,0.2753333333333334
11047,0.0
180,1.0
2206,0.05
14149,0.03
10741,0.0
8614,0.0
3037,0.0
8331,0.02
8881,0.0
5334,0.0
8985,0.0
1218,0.98
8865,0.02
2033,0.01
9944,0.01
9242,0.0
10467,0.0
11514,0.0
6230,0.01
9049,0.01
10370,0.0
6700,0.01
2891,0.05
2013,0.0
7921,0.0
8550,0.0
7214,0.0
11492,0.04
7892,0.190625
14389,1.0
10842,0.0
14070,0.0
5211,0.04
9934,0.01
8917,0.0
580,1.0
11024,0.0
14371,1.0
13753,0.0
2171,0.0
6649,0.0
3016,0.0
2728,0.0
4943,0.0
3864,0.0
9866,0.33
9482,0.0
14497,1.0
4291,0.0
4993,0.0
14279,0.99
12682,1.0
7809,0.15
347,1.0
1272,1.0
4025,0.34
11701,0.0
8764,0.01
10930,0.04
3964,0.0
12450,1.0
13775,0.0
9703,0.0
9080,0.0
3254,0.07
9088,0.02
7167,0.0
13552,0.0
13265,0.0
2554,0.04
4109,0.01
3412,0.0
8762,0.0
3735,0.05
3856,0.01
13357,0.01
14431,1.0
7887,0.01
377,1.0
12785,0.01
6139,0.02
12130,1.0
12680,1.0
5178,0.0
7489,0.0
5031,0.09
12038,1.0
3021,0.08
6371,0.0
13840,0.02
500,1.0
14705,1.0
8094,0.0
14229,0.99
5030,0.0
13371,0.0
13102,0.0
13138,0.0
14897,1.0
14090,0.0
12974,0.04
2804,0.02
2985,0.0
11519,0.0
13030,0.0
12818,0.0
10848,0.013333333333333332
2973,0.0
1003,1.0
6164,0.0
9060,0.02
2774,0.0
7231,0.0
3899,0.02
2311,0.0
32,1.0
6041,0.0
260,1.0
7570,0.05
13455,0.0
7679,0.05
3050,0.06
9867,0.0
9787,0.0
4134,0.0
14225,1.0
6971,0.02
6707,0.140625
9138,0.07
12963,0.0
11392,0.0
13543,0.0
9363,0.08
1364,1.0
1072,0.02
14169,0.0
13162,0.0
12168,0.7
882,1.0
6207,0.0
10652,0.04
655,1.0
13335,0.02
1139,1.0
10042,0.0
7678,0.0
10660,0.0
14500,1.0
8179,0.01
13612,0.0
6608,0.0
3083,0.23
5570,0.09
233,1.0
3857,0.0
50,0.77
9487,0.05
3744,0.0
9440,0.02
9217,0.06
226,1.0
2707,0.0
8405,0.0
2124,0.03
9221,0.14
4687,0.0
944,1.0
2278,0.0
11103,0.0
4402,0.0
14916,1.0
8362,0.03
13065,0.0
5150,0.0
13288,0.0
8,1.0
1832,1.0
13827,0.0
8817,0.05
7546,0.0
8162,0.0
13187,0.0
5207,0.0
14667,1.0
10735,0.0
10920,0.0
12992,0.02
6667,0.01
2314,0.03
14946,0.99
6480,0.03
7737,0.05
6107,0.0
8486,0.0
1643,1.0
5003,0.0
6404,0.0
836,1.0
6012,0.01
12547,1.0
9708,0.07
9156,0.0
242,1.0
3039,0.01
10126,0.001
1102,1.0
12315,0.97
2753,0.0
7215,0.0
8719,0.04
3908,0.0
7840,0.0
2495,0.09
7074,0.0
11309,0.0
10666,0.06
5640,0.0
10420,0.05
555,1.0
7028,0.03
6075,0.05
1550,1.0
8055,0.0
7569,0.02
6193,0.0
11615,0.01
7470,0.0
12394,1.0
3131,0.04
5717,0.01
11826,0.07
1750,0.94
6902,0.07
3933,0.0
5880,0.0
2081,0.03
13277,0.05
12819,0.0
8566,0.0
621,1.0
10147,0.0
2724,0.0
9277,0.0
10051,0.0
1611,1.0
8138,0.0
4699,0.0
4336,0.0
14845,1.0
7799,0.08
14508,1.0
11799,0.0
1518,0.99
2879,0.0
3279,0.0
9149,0.0
1126,1.0
8317,0.0
10406,0.09
5344,0.08
12877,0.06
12181,1.0
9442,0.0
148,0.98
7496,0.0
10006,0.0
10243,0.01
6969,0.0
13644,0.14
11225,0.0
8202,0.0
5315,0.0
11201,0.0
3427,0.0
2826,0.24
2220,0.0
2550,0.03
8594,0.0
1101,1.0
1564,0.43
7059,0.01
6062,0.0
6446,0.0
8831,0.0
309,1.0
785,1.0
4410,0.0
11389,0.0
8492,0.09
14982,1.0
11537,0.0
13408,0.01
2892,0.01
11683,0.06
915,0.0
9750,0.0
14063,0.01
11397,0.0
9778,0.01
8406,0.0
5707,0.09
7053,0.0
9869,0.0
4064,0.0
12769,1.0
10748,0.0
4891,0.0
11919,0.02
13986,0.01
9952,0.05
2675,0.0
1899,1.0
548,1.0
13653,0.0
8190,0.29
7673,0.01
8419,0.09
11202,0.04
5578,0.0
12601,1.0
6274,0.07
5304,0.0
140,1.0
14147,0.0
7563,0.01
2475,0.06
11198,0.003333333333333333
4960,0.0
1752,1.0
9533,0.03
11706,0.0
13522,0.01
4428,0.0
8995,0.0
7583,0.0
7688,0.0
1590,1.0
1109,0.99
13717,0.06
3009,0.0
5808,0.0
5438,0.0
3697,0.0
6625,0.0
1766,1.0
6560,0.0
4741,0.01
8006,0.0
8701,0.0
633,1.0
6352,0.02
11633,0.03
11859,0.0
3180,0.0
3761,0.0
12736,1.0
9486,0.0
8157,0.04
9583,0.18
11001,0.0
6912,0.0
8733,0.01
12526,1.0
6287,0.0
6067,0.0
9696,0.08
12991,0.0
8812,0.11
11981,0.0
1386,1.0
7321,0.0
4899,0.0
2224,0.09
7352,0.08
364,1.0
11980,1.0
11481,0.0
8851,0.06
7378,0.02
8220,0.0
14564,1.0
11162,0.0
4700,0.0
4908,0.0
5970,0.12
1607,1.0
13859,0.0
9874,0.04
5316,0.01
5474,0.16
14206,0.0
8168,0.0
252,0.84
9062,0.02
6304,0.0
8354,0.0
4398,0.03
9310,0.0
11674,0.0
14133,0.0
6391,0.0
4018,0.01
12380,1.0
12721,0.6916666666666665
10586,0.0
10824,0.0
893,0.98
5773,0.26
14224,1.0
13165,0.0
5160,0.01
10899,0.0
7606,0.15
2524,0.01
6866,0.01
7776,0.0
6808,0.0
13002,0.0
3850,0.0
10307,0.0
2923,0.0
5129,0.03
7532,0.03
11377,0.0
11888,0.0
14186,0.03
2926,0.0
6192,0.0
464,0.9966666666666666
12462,0.11
2140,0.0
11986,0.05
14950,0.26
4813,0.0
6692,0.06
7926,0.0
3210,0.42
1534,1.0
7703,0.07
11142,0.02
728,1.0
14872,1.0
7412,0.03
8399,0.0
14927,1.0
10785,0.0
10734,0.0
13636,0.0
12455,1.0
12340,1.0
7460,0.280625
7423,0.0
6202,0.0
8350,0.0
12501,0.58
4422,0.04
10139,0.01
841,1.0
2995,0.0
9046,0.0
8581,0.0
6757,0.0
779,1.0
9472,0.0
5657,0.0
14375,1.0
14407,0.89
2545,0.02
6003,0.01
5965,0.0
7218,0.0
1685,1.0
5488,0.13
7171,0.0
9827,0.0
13235,0.0
1343,1.0
8141,0.07
2158,0.03
9711,0.0
6298,0.01
2301,0.02
7154,0.0
3408,0.01
1647,0.99
11584,0.0
11565,0.04
749,1.0
5341,0.0
4542,0.04
11704,0.0
8176,0.01
12740,1.0
6948,0.0
13622,0.01
1170,1.0
7504,0.04
12311,1.0
5338,0.0
4414,0.0
2664,0.0
13794,0.04
8690,0.0
9511,0.0
8370,0.02
4782,0.0
14894,1.0
14210,0.0
10534,0.0
2576,0.0
2110,0.0
11046,0.0
12126,0.99
9929,0.0
1359,0.72
4231,0.0
9399,0.03
7400,0.0
9295,0.0
11242,0.0
12480,0.99
8538,0.0
4053,0.02
3597,0.02
6423,0.010625
8662,0.03
14680,1.0
4046,0.04
3212,0.0
1403,0.98
10531,0.0
1914,0.26
10423,0.26
11889,0.0
2579,0.0
14414,1.0
460,1.0
10827,0.0
10551,0.01
7965,0.02
4787,0.0
2754,0.0
8483,0.01
2458,0.01
13979,0.0
13244,0.01
273,1.0
6289,0.0
6155,0.11
7685,0.01
7076,0.0
2373,0.0
14752,1.0
1432,0.87
1997,1.0
7048,0.06
9119,0.1
3447,0.02
14238,1.0
910,1.0
14981,0.6625
8409,0.01
6125,0.05
8882,0.11
839,0.82
8464,0.0
2694,0.0
6669,0.04
5318,0.01
5555,0.07
13077,0.02
1830,0.98
1498,0.96
2442,0.0
2789,0.0
451,0.9966666666666666
6492,0.0
11193,0.01
14159,0.0
13064,0.01
14115,0.01
6215,0.06
11175,0.0
7285,0.0
2520,0.0
46,1.0
13987,0.0
8711,0.05
4446,0.0
4056,0.050625
6768,0.16166666666666665
2768,0.0
14283,1.0
12700,1.0
7538,0.03
13977,0.0
6322,0.01
3172,0.0
6024,0.0
5404,0.03
12655,1.0
12820,0.0
4694,0.13
12131,0.99
8260,0.17
9195,0.0
8679,0.02
582,1.0
8754,0.0
10594,0.0
6798,0.28
9767,0.02
1852,1.0
10847,0.02
11053,0.01
12285,1.0
9372,0.0
10500,0.05
9181,0.01
9883,0.03
1118,1.0
3203,0.0
2594,0.0
850,1.0
10069,0.0
2446,0.0
8805,0.0
3379,0.0
11570,0.0
2652,0.01
8351,0.0
2217,0.15
10685,0.0
12179,1.0
56,1.0
3706,0.0
4809,0.0
5243,0.0
14975,1.0
2057,0.0
4603,0.26
6020,0.0
9203,0.01
2380,0.03
7896,0.01
6505,0.0
1073,1.0
11032,0.0
8876,0.0
938,1.0
11862,0.04
4674,0.03
5136,0.04
13641,0.0
13760,0.14
11380,0.01
12022,1.0
7224,0.0
98,1.0
11963,0.0
8909,0.16
4853,0.0
8520,0.08
5268,0.01
13079,0.01
12288,1.0
9939,0.12
1029,1.0
12105,0.92
3885,0.01
13565,0.08
13169,0.01
4816,0.01
2423,0.01
1930,0.45
9073,0.0
584,1.0
7927,0.0
6755,0.0
6109,0.02
9419,0.0
6906,0.0
994,1.0
1874,0.1925
4582,0.0
2689,0.0
4792,0.01
10880,0.0
12715,1.0
13568,0.0
12360,1.0
66,1.0
6148,0.0
7898,0.0
11571,0.0
14827,1.0
8999,0.0
8398,0.03
7205,0.05
13228,0.11
9055,0.0
4174,0.03
14478,1.0
6647,0.0
5877,0.05
3042,0.0
4265,0.02
3448,0.0
10403,0.0
1089,1.0
4345,0.0
9155,0.0
10556,0.01
7346,0.06
2701,0.0
12051,1.0
9863,0.0
7759,0.01
11840,0.01
11067,0.01
5365,0.01
3232,0.01
13857,0.0
9546,0.01
7955,0.0
8815,0.0
14849,1.0
3931,0.04
6524,0.0
2499,0.1
14572,1.0
7823,0.01
13178,0.1
9739,0.0
7122,0.01
558,1.0
12147,1.0
12140,1.0
6376,0.01
1738,1.0
14102,0.0
6158,0.01
11801,0.0
9519,0.0
462,0.11
7933,0.0
298,1.0
118,0.92
1370,1.0
10498,0.0
12269,0.58
8782,0.0
9916,0.0
11816,0.0
13023,0.0
13783,0.0
7664,0.01
9854,0.05
4000,0.0
1299,1.0
4991,0.02
9604,0.0
4283,0.0
9636,0.0
10934,0.0
773,1.0
14955,0.99
7119,0.05
14450,1.0
11902,0.01
6046,0.0
1765,1.0
10924,0.02
9171,0.06
14177,0.0
4092,0.01
2539,0.06
1158,0.0
7386,0.14
10972,0.01
6529,0.04
9005,0.07
5125,0.03
14112,0.0
12530,1.0
13807,0.0
7989,0.88
13903,0.04
11971,0.0
3046,0.02
5548,0.0
10427,0.0
2640,0.0
885,1.0
5606,0.0
4655,0.0
12946,0.0
12353,1.0
4105,0.0
5969,0.04
3429,0.0
9689,0.12
2782,0.0
10783,0.0
11647,0.0
4753,0.0
13687,0.0
5143,0.01
3789,0.0
1063,1.0
14660,1.0
1546,0.88
5543,0.0
1286,1.0
3779,0.02
5961,0.0
11021,0.0
12221,1.0
3426,0.0
14830,1.0
6715,0.0
3960,0.0
7584,0.0
1055,1.0
4087,0.0
10108,0.02
12252,0.84
14754,1.0
6165,0.02
2187,0.15
2063,0.0
951,1.0
11226,0.15
10532,0.0
14575,1.0
3007,0.0
10156,0.0
10705,0.0
11689,0.01
8975,0.17
5191,0.01
9048,0.0
5967,0.05
6496,0.28
2215,0.01
2115,0.16
13143,0.01
2167,0.0
12525,1.0
11732,0.29
1594,1.0
12934,0.0
14882,0.98
5982,0.11
14805,1.0
3005,0.01
2154,0.2
2723,0.02
5062,0.0
9313,0.0
6039,0.04
277,1.0
8201,0.0
5280,0.01
6028,0.19
346,1.0
10902,0.0
11561,0.0
1531,0.99
12274,1.0
13534,0.02
10722,0.0
14562,0.92
10776,0.0
13478,0.0
8163,0.0
4938,0.0
8813,0.43
8867,0.03
2902,0.0
6544,0.0
6402,0.0
8357,0.0
1421,0.95
13428,0.01
6396,0.0
11447,0.0
14381,1.0
229,1.0
10669,0.0
6740,0.01
593,1.0
9923,0.01
8808,0.2
1551,0.98
12811,0.0
4324,0.0
2179,0.01
1906,0.58
9133,0.11
10846,0.0
14803,1.0
5048,0.0
7166,0.13
13131,0.0
4663,0.06
5252,0.0
9571,0.0
5218,0.01
9451,0.0
3510,0.0
3848,0.06
1051,1.0
13032,0.0
3858,0.0
6060,0.02
14180,0.04
9415,0.15
11275,0.03
3828,0.04
4645,0.01
6069,0.23
2506,0.0
